"user_id","first_name","last_name","email","phone_number","gender","country_of_origin","date_of_birth","profession"
1,"Curr","Mushawe","cmushawe0@newyorker.com","245-524-7170","Male","Poland","1986-10-22",NULL
2,"Fredericka","Hickisson","fhickisson1@flavors.me","358-686-3248","Female","China","2006-11-02",NULL
3,"Verena","Gonsalvez","vgonsalvez2@reverbnation.com","305-632-9817","Female","Kazakhstan","1956-06-15","Systems Administrator IV"
4,"Estell","Tivers","etivers3@imdb.com","906-642-7546","Female","Argentina","2012-01-01",NULL
5,"Bordy","Vitler","bvitler4@nydailynews.com","848-962-8647","Male","Central African Republic","2000-03-05",NULL
6,"Chiquita","Rhodus","crhodus5@hc360.com","314-499-9147","Female","Greece","1993-05-30",NULL
7,"Marya","Corbie","mcorbie6@cyberchimps.com","493-886-0128","Female","Brazil","1957-06-30","Desktop Support Technician"
8,"Marsiella","Cake","mcake7@cdc.gov","224-384-4080","Female","Russia","2004-02-05","Human Resources Manager"
9,"Dougie","Lightbowne","dlightbowne8@eepurl.com","865-362-5134","Male","Indonesia","2012-06-04","Cost Accountant"
10,"Corey","Neissen","cneissen9@buzzfeed.com","857-134-7302","Male","Nigeria","1966-09-05",NULL
11,"Sarene","Swiggs","sswiggsa@foxnews.com","443-174-6085","Female","China","1959-03-30","Associate Professor"
12,"Michelle","Watting",NULL,"455-689-1565","Female","Indonesia","2002-12-05",NULL
13,"Kaile","Farrey","kfarreyc@seesaa.net","959-155-3065","Female","Luxembourg","1952-08-07",NULL
14,"Fernando","Schuler","fschulerd@yale.edu","103-319-1595","Male","Mexico","1955-06-13","Research Assistant II"
15,"Frederik","Shovelbottom","fshovelbottome@cargocollective.com","672-151-2240","Male","France","2006-11-07","Cost Accountant"
16,"Twila","Derwin","tderwinf@freewebs.com","779-520-5084","Female","Egypt","1951-05-01","Graphic Designer"
17,"Adey","Woehler","awoehlerg@dropbox.com","167-787-9100","Female","Honduras","2011-12-16","Product Engineer"
18,"Evy","Eallis","eeallish@facebook.com","133-272-6476","Female","Azerbaijan","2004-09-30","Recruiter"
19,"Viki","Burgis",NULL,"137-830-7531","Female","Argentina","1992-08-21","Media Manager II"
20,"Modestia","Brisker","mbriskerj@toplist.cz","251-511-6338","Female","Chile","1956-06-21",NULL
21,"Jules","Biggadyke","jbiggadykek@free.fr","523-935-5324","Male","Philippines","2006-02-23",NULL
22,"Tobie","Leeman","tleemanl@yahoo.co.jp","291-507-5548","Male","Thailand","1968-02-16","Editor"
23,"Phineas","Ritchley","pritchleym@cbsnews.com","709-741-2647","Male","Czech Republic","1962-11-30","Database Administrator IV"
24,"Crissy","Bezant",NULL,"986-114-7793","Female","Thailand","2001-10-11",NULL
25,"Drake","Spraberry","dspraberryo@nydailynews.com","206-136-8064","Male","Sudan","1957-10-08","Quality Control Specialist"
26,"Mabel","Blunt","mbluntp@ft.com","951-332-8085","Female","Thailand","1973-09-20","General Manager"
27,"Arlana","Byers","abyersq@indiatimes.com","500-238-1247","Female","Italy","2012-09-15",NULL
28,"Maryrose","Carmen",NULL,"677-274-0476","Female","Bolivia","1978-11-21","Executive Secretary"
29,"Henka","Gudgen","hgudgens@oaic.gov.au","288-337-8419","Female","China","1971-11-25",NULL
30,"Mozes","Binny",NULL,"102-736-0555","Male","Russia","1974-02-26","Budget/Accounting Analyst II"
31,"Heywood","Shurmer","hshurmeru@bbc.co.uk","989-812-3031","Male","Greece","1963-02-22","Administrative Officer"
32,"Salem","Jumonet",NULL,"495-723-1439","Male","Mexico","1957-12-26","Staff Scientist"
33,"Zorine","Hallgath","zhallgathw@npr.org","515-281-7499","Female","Italy","1956-04-16","Senior Editor"
34,"Tom","Manhare","tmanharex@skyrock.com","713-853-7996","Male","Azerbaijan","2019-10-29",NULL
35,"Vincenty","Djorevic",NULL,"749-204-1837","Male","Greece","1979-06-14","Sales Representative"
36,"Eldin","MacKellen",NULL,"619-300-7108","Male","Poland","1977-06-23","Electrical Engineer"
37,"Janifer","Juliano",NULL,"454-722-4404","Female","China","1992-05-10","Librarian"
38,"Alecia","Starkey","astarkey11@google.cn","734-252-6330","Female","Vietnam","2021-03-24","Staff Scientist"
39,"Tedd","Billingham",NULL,"974-610-2553","Male","South Korea","1994-09-21","Senior Editor"
40,"Teddy","Lamps",NULL,"772-260-9889","Female","Indonesia","1998-03-02",NULL
41,"Palm","Braden","pbraden14@ucoz.ru","976-224-1308","Male","Nigeria","2020-02-17","Web Developer I"
42,"Kellen","Bourhill","kbourhill15@answers.com","661-413-6154","Female","Colombia","1957-02-11",NULL
43,"Irving","Gudger","igudger16@cnn.com","529-607-1017","Male","Nigeria","1951-10-28",NULL
44,"Emilio","Bramble","ebramble17@bing.com","379-422-6334","Male","Thailand","2008-07-17",NULL
45,"Thorsten","Petett","tpetett18@moonfruit.com","787-802-5536","Male","Tunisia","1952-02-08","Physical Therapy Assistant"
46,"Claus","Pinner","cpinner19@arizona.edu","677-572-9971","Male","Poland","2022-04-22","Account Representative IV"
47,"Jobina","Starie","jstarie1a@nifty.com","561-841-9535","Female","United States","1984-11-08",NULL
48,"Berkie","Morefield","bmorefield1b@squidoo.com","824-326-7766","Male","Australia","1987-02-27","Occupational Therapist"
49,"Cecelia","Sulter","csulter1c@w3.org","535-900-4955","Female","Reunion","2015-02-19",NULL
50,"Betteann","Magowan","bmagowan1d@pbs.org","489-158-7669","Female","Brazil","2015-03-24",NULL
51,"Ingar","Bootell","ibootell1e@dropbox.com","359-684-3123","Male","Nigeria","2004-02-14","Human Resources Assistant IV"
52,"Patty","O'Mannion",NULL,"163-901-2367","Male","Russia","2010-02-01",NULL
53,"Darrelle","Domenc","ddomenc1g@ameblo.jp","411-904-9452","Female","Lithuania","1981-09-30","Administrative Officer"
54,"Helenka","Kenzie","hkenzie1h@bluehost.com","162-753-2554","Female","Peru","1991-03-12","Cost Accountant"
55,"Ailis","Forsyde","aforsyde1i@google.co.jp","336-110-2702","Female","Ukraine","1972-05-30",NULL
56,"Jillian","Eynald","jeynald1j@seesaa.net","481-831-4358","Female","Colombia","2017-12-12",NULL
57,"Giffard","Galilee",NULL,"383-196-3818","Male","Indonesia","1970-06-14",NULL
58,"Sayer","Bubb",NULL,"856-916-5084","Male","Portugal","1957-05-27",NULL
59,"Analise","Larsen","alarsen1m@nationalgeographic.com","732-130-2308","Female","Czech Republic","2005-09-02",NULL
60,"Gerrilee","Raincin","graincin1n@ftc.gov","724-173-5457","Female","Peru","2007-10-04",NULL
61,"Ravid","Braunds","rbraunds1o@umn.edu","800-864-2936","Male","France","1989-02-02","Financial Analyst"
62,"Cordula","Tattersdill","ctattersdill1p@blogger.com","596-339-1424","Female","China","2010-06-30",NULL
63,"Arden","Batcheldor","abatcheldor1q@dell.com","314-785-8410","Female","China","2004-06-22",NULL
64,"Beryl","Tripony",NULL,"250-119-5117","Female","Peru","2010-03-03",NULL
65,"Farrand","Macconachy",NULL,"324-865-4439","Female","China","1956-06-01",NULL
66,"Maegan","McGourty","mmcgourty1t@springer.com","205-525-5399","Female","Sudan","1956-09-11",NULL
67,"Erwin","Saltmarsh","esaltmarsh1u@mapquest.com","959-200-6943","Male","Indonesia","1975-07-07","Editor"
68,"Holmes","Pelos",NULL,"385-365-7446","Male","Sweden","1959-11-17",NULL
69,"Wallace","Junes","wjunes1w@163.com","436-826-1528","Male","Poland","1986-09-17","Registered Nurse"
70,"Gui","Luttgert","gluttgert1x@elegantthemes.com","924-797-2221","Female","Sweden","1974-02-07","Research Assistant III"
71,"Drucill","Ducroe",NULL,"233-107-8907","Female","China","1954-12-08",NULL
72,"Salomi","Naisey","snaisey1z@ebay.co.uk","386-562-4632","Female","Armenia","1993-01-06","Geologist IV"
73,"Klement","Pally","kpally20@tripod.com","979-154-0673","Male","Armenia","1993-01-24","Marketing Assistant"
74,"Dalston","Hallitt","dhallitt21@xing.com","114-748-9943","Male","Greece","2019-11-27","Teacher"
75,"Emmye","Warbey","ewarbey22@cpanel.net","735-691-3232","Female","Thailand","2016-10-06","Structural Engineer"
76,"Birgitta","Willmot","bwillmot23@yelp.com","315-639-5212","Female","Sweden","1965-09-02","Accounting Assistant III"
77,"Lyndy","Volage","lvolage24@123-reg.co.uk","289-299-7180","Female","Argentina","2016-04-05","Physical Therapy Assistant"
78,"Bard","Leil","bleil25@list-manage.com","775-157-4333","Male","Sweden","2022-12-26","Nuclear Power Engineer"
79,"Umberto","Sonschein","usonschein26@com.com","175-274-7632","Male","Vietnam","2000-08-07",NULL
80,"Nola","Gonoude","ngonoude27@sourceforge.net","851-854-4654","Female","Thailand","2013-07-04",NULL
81,"Winslow","Clarey","wclarey28@ed.gov","838-169-0584","Male","China","1972-07-15","Technical Writer"
82,"Jamie","Chstney","jchstney29@zdnet.com","163-420-6874","Male","Sweden","1976-07-30",NULL
83,"Jeffy","Fibbitts","jfibbitts2a@wunderground.com","397-938-2036","Male","Oman","1965-05-19","Safety Technician I"
84,"Tricia","Miner",NULL,"736-553-4994","Female","China","1950-11-29","Cost Accountant"
85,"Whit","Choat",NULL,"671-147-6298","Male","Peru","2004-04-28","VP Accounting"
86,"Feliks","Leatherland","fleatherland2d@dion.ne.jp","648-383-5948","Male","France","1991-04-29","Marketing Manager"
87,"Sean","Waumsley","swaumsley2e@prnewswire.com","507-163-2281","Male","Comoros","1954-11-02",NULL
88,"Randee","Jostan",NULL,"752-306-9463","Female","Peru","2020-07-17",NULL
89,"Mel","Figger","mfigger2g@phoca.cz","972-653-6246","Male","Egypt","1976-11-28",NULL
90,"Linn","O'Halloran","lohalloran2h@huffingtonpost.com","124-865-3175","Male","China","2003-02-26",NULL
91,"Nicholle","Fomichyov","nfomichyov2i@berkeley.edu","290-333-1212","Female","Ethiopia","2005-09-24","VP Sales"
92,"Nessie","Corrie",NULL,"907-929-2723","Female","China","2011-11-20",NULL
93,"Maegan","Cicullo","mcicullo2k@example.com","320-968-6216","Female","Portugal","2008-02-02","Account Coordinator"
94,"Kaspar","Perritt","kperritt2l@cdc.gov","783-617-4960","Male","Uganda","1985-12-25","Assistant Manager"
95,"Silvia","Dufty","sdufty2m@tripod.com","840-614-7335","Female","Indonesia","2021-07-14","Registered Nurse"
96,"Clemens","Wedderburn","cwedderburn2n@i2i.jp","521-633-2556","Male","China","1958-04-04",NULL
97,"Wallis","Burberow",NULL,"888-214-1691","Male","Indonesia","1995-02-09","Research Nurse"
98,"Bobette","Labet","blabet2p@typepad.com","772-188-1537","Female","Poland","2011-11-06","Software Engineer II"
99,"James","Lewinton","jlewinton2q@wix.com","469-112-9868","Male","Ukraine","1986-06-02",NULL
100,"Catlin","Darton",NULL,"181-669-3603","Female","Poland","1975-04-02",NULL
101,"Hetti","Krzysztofiak","hkrzysztofiak2s@godaddy.com","438-360-2721","Female","Brunei","2021-07-10",NULL
102,"Wit","Grigorio","wgrigorio2t@goo.gl","294-428-7364","Male","Indonesia","2020-04-21",NULL
103,"Ardys","Fradson",NULL,"913-878-1047","Female","Indonesia","2014-12-04","Senior Editor"
104,"Mariette","Solley","msolley2v@whitehouse.gov","692-259-1488","Female","China","1958-11-04","General Manager"
105,"Brewer","Moreside","bmoreside2w@google.com","981-680-2994","Male","Indonesia","1954-04-05","Software Engineer III"
106,"Cristie","Lindeboom","clindeboom2x@alexa.com","136-848-3793","Female","Paraguay","2018-06-29",NULL
107,"Artair","Lyburn","alyburn2y@hud.gov","952-660-7943","Male","Malaysia","1984-03-02",NULL
108,"Oswell","Lacaze","olacaze2z@privacy.gov.au","863-569-3369","Male","France","1993-04-11","Account Coordinator"
109,"Hermine","Bullan","hbullan30@fotki.com","650-231-0152","Female","Tanzania","1998-05-27","Human Resources Assistant I"
110,"Wren","Bice","wbice31@typepad.com","719-756-1169","Female","Portugal","1985-05-10","Quality Engineer"
111,"Corri","Anderl",NULL,"369-616-8908","Female","Democratic Republic of the Congo","2021-09-14","Graphic Designer"
112,"Lowrance","Boggs","lboggs33@yellowpages.com","477-209-1056","Male","Russia","1977-01-02","Web Designer II"
113,"Simonne","Scarlett","sscarlett34@liveinternet.ru","811-277-5991","Female","Russia","1967-06-16",NULL
114,"Catlaina","Allwood","callwood35@behance.net","575-439-6558","Female","Czech Republic","2020-01-31","Staff Accountant IV"
115,"Salomon","Macilhench","smacilhench36@godaddy.com","495-544-2893","Male","Colombia","1955-10-04","Project Manager"
116,"Arney","Urlich","aurlich37@sciencedirect.com","241-199-6580","Male","China","1953-10-30","Account Representative III"
117,"Kerry","Willard","kwillard38@merriam-webster.com","739-880-1851","Male","Venezuela","2006-02-05","Programmer Analyst III"
118,"Arlena","Sylett","asylett39@constantcontact.com","856-314-7117","Female","Portugal","1990-06-21","Developer II"
119,"Hermann","O'Flannery",NULL,"727-483-0155","Male","France","1965-06-30","Clinical Specialist"
120,"Pearline","Pennini","ppennini3b@cargocollective.com","477-465-1570","Female","Japan","1985-04-05","Health Coach I"
121,"Mortimer","Marflitt","mmarflitt3c@merriam-webster.com","215-532-1690","Male","Thailand","2002-06-17","Account Representative II"
122,"Vinni","Norsworthy","vnorsworthy3d@jimdo.com","718-881-5121","Female","Indonesia","1951-04-05",NULL
123,"Kipp","Hulke","khulke3e@businessinsider.com","476-604-3804","Male","China","2019-02-01","Financial Analyst"
124,"Antonetta","Mattersley","amattersley3f@angelfire.com","912-427-1828","Female","France","1958-10-25",NULL
125,"Rebekkah","Wardhough","rwardhough3g@wix.com","719-243-6961","Female","United States","2006-08-29",NULL
126,"Vinnie","Sineath","vsineath3h@e-recht24.de","368-391-4014","Female","Japan","1973-11-28","Environmental Specialist"
127,"Gerrilee","Jeness","gjeness3i@cmu.edu","753-207-7296","Female","Czech Republic","1974-08-11","Marketing Manager"
128,"Heywood","Cockill",NULL,"698-909-6214","Male","China","1954-07-10",NULL
129,"Dewitt","Fairs","dfairs3k@sina.com.cn","858-922-9273","Male","France","1956-03-01",NULL
130,"Dorothee","Whartonby","dwhartonby3l@123-reg.co.uk","207-928-5553","Female","Czech Republic","2012-03-09","Associate Professor"
131,"Natividad","Simenel",NULL,"204-525-0371","Female","Indonesia","1978-03-10","Marketing Assistant"
132,"Melvin","Feely",NULL,"229-919-4603","Male","China","1998-10-01",NULL
133,"Roseanna","Shankland","rshankland3o@ebay.com","785-124-8015","Female","Iran","2009-02-15","Financial Advisor"
134,"Lambert","Niblock","lniblock3p@shutterfly.com","328-689-5853","Male","Philippines","2001-11-15","Software Test Engineer IV"
135,"Juliette","Daffern","jdaffern3q@weibo.com","650-848-1839","Female","China","2004-07-11","Information Systems Manager"
136,"Annabell","Koppelmann","akoppelmann3r@nationalgeographic.com","276-271-5729","Female","Philippines","2006-07-06","Librarian"
137,"Daisi","Chancelier","dchancelier3s@google.es","720-478-8846","Female","China","1953-04-15","Clinical Specialist"
138,"Jared","Skitterel","jskitterel3t@posterous.com","757-947-9645","Male","United States","2013-11-28",NULL
139,"Karole","Bice","kbice3u@netvibes.com","716-504-8963","Female","Russia","2011-08-28",NULL
140,"Daniela","Gauden","dgauden3v@icio.us","457-379-7807","Female","Belarus","1988-06-02",NULL
141,"Mignon","Devoy","mdevoy3w@gov.uk","532-954-1870","Female","Portugal","2009-07-13","VP Accounting"
142,"Karel","Patching","kpatching3x@soundcloud.com","912-349-7061","Female","Poland","1980-06-28","Senior Developer"
143,"Maryanne","Malcolm","mmalcolm3y@ftc.gov","240-382-3798","Female","Russia","2017-12-26",NULL
144,"Janaye","Isaksen","jisaksen3z@cisco.com","813-439-6811","Female","Indonesia","1960-10-25","Media Manager I"
145,"Dorice","Lupton","dlupton40@usnews.com","279-528-5369","Female","Palestinian Territory","2008-02-22",NULL
146,"Hadley","Furness",NULL,"553-589-1565","Male","Malaysia","1989-01-11","Information Systems Manager"
147,"Jori","Sara","jsara42@reverbnation.com","184-719-9339","Female","Portugal","1958-03-13",NULL
148,"Reinwald","Brunsdon","rbrunsdon43@php.net","609-386-7542","Male","United States","1974-10-22","Cost Accountant"
149,"Gregoor","Clemencon","gclemencon44@sakura.ne.jp","107-820-7767","Male","Philippines","1982-07-31","Help Desk Operator"
150,"Josephine","Rollingson",NULL,"695-422-9313","Female","Russia","2007-04-03","Accounting Assistant II"
151,"Chanda","Jiroutek","cjiroutek46@bluehost.com","286-251-0123","Female","Brazil","1991-04-24","Web Designer IV"
152,"Lucia","Attrie","lattrie47@t-online.de","322-654-2116","Female","Argentina","1969-03-30","Software Consultant"
153,"Nat","Fransewich","nfransewich48@photobucket.com","567-328-0105","Male","Thailand","2003-03-24","Assistant Media Planner"
154,"Cheslie","Maylam","cmaylam49@instagram.com","885-520-4687","Female","France","1961-02-22","Professor"
155,"Cheston","Maruszewski",NULL,"450-496-9325","Male","Canada","2010-03-11",NULL
156,"Mart","Herkess","mherkess4b@g.co","988-479-7252","Male","China","1974-07-07",NULL
157,"Oriana","Natt","onatt4c@cbsnews.com","417-610-5688","Female","Philippines","1973-06-02",NULL
158,"Julie","Broadwood",NULL,"921-911-0004","Male","China","1984-08-27","Biostatistician I"
159,"Micki","Ende","mende4e@oakley.com","558-903-5229","Female","Slovenia","1957-07-02",NULL
160,"Weylin","Bourton","wbourton4f@guardian.co.uk","393-414-6358","Male","China","1959-09-22",NULL
161,"Lucky","Klugman","lklugman4g@homestead.com","717-880-9929","Female","Dominican Republic","1960-09-21","Staff Accountant II"
162,"Roth","Ahrendsen","rahrendsen4h@ebay.co.uk","139-951-4045","Male","Indonesia","2018-03-15","Environmental Specialist"
163,"Shelba","Milnthorpe","smilnthorpe4i@amazon.com","987-993-9360","Female","Spain","1987-08-03","Internal Auditor"
164,"Nessi","Croshaw","ncroshaw4j@goo.ne.jp","118-974-4210","Female","Portugal","1980-03-30","Quality Engineer"
165,"Karol","Carillo","kcarillo4k@wikipedia.org","503-225-7870","Female","Malaysia","1954-06-10","Graphic Designer"
166,"Kip","Iley","kiley4l@indiegogo.com","321-620-9344","Female","Israel","1991-02-07","Analog Circuit Design manager"
167,"Pete","Fullager","pfullager4m@yellowbook.com","511-150-6377","Male","Indonesia","2014-04-07","Assistant Professor"
168,"Chicky","Baack","cbaack4n@artisteer.com","325-937-6409","Male","Ukraine","1958-05-12",NULL
169,"Jerrilyn","Matisoff","jmatisoff4o@fotki.com","972-660-7771","Female","South Korea","1987-05-24","Accountant IV"
170,"Leila","Meader","lmeader4p@behance.net","144-319-1463","Female","France","1959-08-08","Geological Engineer"
171,"Lillian","Bratchell","lbratchell4q@flickr.com","617-811-9028","Female","United States","2005-04-21","Software Test Engineer II"
172,"Devon","Burree",NULL,"711-139-9910","Female","China","1988-09-08","Clinical Specialist"
173,"Osbert","Pixton","opixton4s@jigsy.com","510-910-4212","Male","Russia","2015-01-02","Chemical Engineer"
174,"Aaren","Treacher","atreacher4t@berkeley.edu","953-501-8971","Female","Portugal","2018-09-28","Accountant III"
175,"Di","Briddle","dbriddle4u@state.gov","655-974-3269","Female","Vietnam","1975-08-15","Structural Engineer"
176,"Anna","Gippes","agippes4v@nbcnews.com","848-876-1536","Female","China","2017-11-01","Accountant I"
177,"Lenora","Tardiff",NULL,"325-338-3123","Female","Russia","1975-09-14","Senior Editor"
178,"Simon","Mallion","smallion4x@foxnews.com","518-547-5696","Male","China","1950-12-11",NULL
179,"Falkner","Zavattari","fzavattari4y@g.co","169-850-1985","Male","Sweden","1979-04-18",NULL
180,"Travis","Caudwell","tcaudwell4z@discovery.com","819-438-9905","Male","Greece","1993-07-10",NULL
181,"Daren","Booeln","dbooeln50@lulu.com","894-881-6026","Male","China","1953-08-17","Software Test Engineer II"
182,"Jaimie","Purnell","jpurnell51@shutterfly.com","327-136-5793","Female","Philippines","2018-10-15","Engineer I"
183,"Lynnette","Orcott","lorcott52@state.tx.us","903-500-8598","Female","China","1955-11-11","Account Representative III"
184,"Leighton","Wollers","lwollers53@booking.com","404-397-3153","Male","Indonesia","1953-01-21","Office Assistant I"
185,"Billye","Gemeau",NULL,"314-837-4064","Female","Brazil","1959-10-03","Administrative Assistant III"
186,"Atlante","Scruby","ascruby55@ftc.gov","741-515-9871","Female","Indonesia","1953-10-01",NULL
187,"Kristos","Grimwad",NULL,"592-968-7670","Male","Sweden","2016-03-28",NULL
188,"Elliot","Heaffey","eheaffey57@ed.gov","509-509-5330","Male","Colombia","2013-10-01",NULL
189,"Antonie","Bicknell","abicknell58@dyndns.org","644-352-5130","Female","Indonesia","1958-09-24","Structural Analysis Engineer"
190,"Geri","Bennet",NULL,"302-255-9510","Female","Japan","1982-11-14","Social Worker"
191,"Olive","Buttress","obuttress5a@google.co.jp","176-780-2415","Female","Russia","2000-03-18",NULL
192,"Rollo","Bwye","rbwye5b@cocolog-nifty.com","668-810-5873","Male","Portugal","1982-09-01",NULL
193,"Giffy","Ionnidis","gionnidis5c@cocolog-nifty.com","349-278-2607","Male","Bulgaria","1980-10-27","Programmer II"
194,"Garrard","McCarron","gmccarron5d@i2i.jp","434-603-7331","Male","Argentina","1951-06-16","Developer II"
195,"Raimund","Cuttell",NULL,"628-138-5750","Male","Russia","1963-01-19","Environmental Specialist"
196,"Rozella","Banaszewski","rbanaszewski5f@mapquest.com","598-170-4817","Female","Poland","1976-08-12",NULL
197,"Roslyn","Cleft","rcleft5g@booking.com","453-503-3339","Female","Guatemala","1980-12-20","Account Representative II"
198,"Nealson","Roscoe","nroscoe5h@uol.com.br","647-109-6557","Male","Dominican Republic","1985-06-01",NULL
199,"Merill","Beranek","mberanek5i@instagram.com","633-302-4764","Male","Poland","2005-11-23","Paralegal"
200,"Loydie","Fist","lfist5j@reverbnation.com","824-685-8501","Male","Russia","2010-01-18",NULL
